201040703003,TX330108,0
201040703026,TX330981,0
201140703001,02010502,0
201140703001,02010506,0
201140703002,02010502,0
201140703002,TX330057,0
201140703022,02010501,0
201140703022,02010506,0
201140703024,02010502,0
201140703025,02010501,0
201140703025,02010506,0
200940703053,00030111,0
200940703053,02010502,0
200940703053,02010506,0
200940703053,02020305,0
200940703053,07000201,0
200940703053,07000217,0
200940703053,TX000101,0
200940703053,TX040403,0
201040703065,TX330106,0
201140703032,02010502,0
201140703033,02010502,0
201140703038,TX330981,0
201140703041,07000201,0
201140703046,TX330980,0
201140703048,07000242,0
201140703048,TX330093,0
201140703057,02010505,0
201140703057,02010506,0
201040703026,02010506,2
201140703001,07000201,2
201040703065,02010502,6
201140703022,07000201,10
201140703002,02010501,11
201040703003,07000201,12
201140703022,06040503,13
201140703032,07000202,13
201140703017,02010502,14
201140703019,02010506,15
201140703024,07000201,15
201140703025,02010505,15
200940703053,06040520,15
201140703024,02010505,16
201140703044,02010506,17
201140703002,02010506,18
201140703022,02010505,18
201140703022,07000217,18
201140703024,02010506,18
200940703053,02020107,18
201140703050,02010506,18
201140703032,02010506,19
201140703002,06040503,20
201140703024,06040503,20
201140703009,02010501,21
201140703033,06040503,21
201040703003,02010502,22
201140703001,06040503,22
201140703024,07000105,22
200940703053,07000105,22
201140703032,02010505,22
201140703032,06040503,22
201140703001,02010505,23
201140703002,07000201,23
201140703025,06040503,23
201140703048,06040503,23
201040703026,07000201,24
201140703009,06040503,24
201140703019,06040503,24
201140703050,06040503,24
200940703053,15060144,25
201140703044,07000105,25
201040703003,06040503,26
201140703011,06040503,26
201140703026,07000201,26
201040703065,02010501,26
201140703032,07000105,26
201140703032,07000217,26
201140703032,07000301,26
201040703026,02010502,27
201040703026,07000104,27
201040703026,07000203,27
201140703011,02010501,27
201140703017,06040503,27
201040703065,06040503,27
201140703009,02010505,28
201140703025,02010502,28
201040703065,07000301,28
201140703057,06040503,28
201040703003,02010505,29
201040703003,07000217,29
201140703024,07000217,29
201140703060,06040503,29
201140703060,07000301,29
201040703003,07000105,30
201040703026,07000202,30
201140703011,02010505,30
201140703046,02010502,30
201140703046,06040503,30
201140703049,06040503,30
201140703060,07000201,30
201040703026,07000301,31
201140703011,02010502,31
201040703065,02010505,31
201140703041,02010502,31
201140703010,06040503,33
201140703024,02010501,33
201140703019,02010505,34
201140703023,S1000007,34
201140703041,06040503,34
201140703046,02010501,34
201040703003,07000301,35
201140703060,02010505,35
201040703026,07000105,36
201140703033,02010505,36
201140703044,02010505,36
201140703002,07000105,37
201140703026,02010501,37
201140703006,06040503,38
201140703027,02010505,38
200940703053,0001011A,38
201140703041,07000105,38
201140703048,07000105,38
201140703050,02010505,38
201040703003,02020106,39
201040703003,07000203,39
201140703032,07000203,39
201040703003,07000202,40
201140703002,TX330980,40
201140703044,06040503,40
201140703057,0001031A,40
201140703011,02010506,41
201140703023,02010505,42
201140703024,07000314,42
201140703038,07000201,42
201140703041,07000218,42
201140703047,02010502,42
201140703049,02010502,42
201140703019,02010501,43
201140703019,02010502,43
201140703022,07000314,43
201140703026,02010506,43
201140703029,02010506,43
201140703048,07000202,43
201040703003,02020107,44
201040703026,15060143,44
201140703023,S1000021,44
200940703053,15060143,44
201140703038,07000301,44
201040703003,02010506,45
201140703008,06040503,45
201140703023,07000301,45
201140703038,06040503,45
201140703047,07000105,45
201140703060,07000105,45
201140703026,06040503,46
201040703065,07000105,46
201140703048,02010502,46
201140703048,07000217,46
201140703060,07000202,46
201140703025,07000314,47
201140703032,07000218,47
201140703038,07000202,47
201140703044,07000217,47
201140703049,02010505,47
201140703060,07000217,47
201140703008,02010501,48
201140703009,02010502,48
201140703009,07000201,48
201140703011,07000201,48
201140703016,02010505,48
201140703025,07000201,48
201140703032,02010501,48
201140703041,07000217,48
201140703001,07000217,49
201140703026,02010505,49
201140703047,02010506,49
201140703047,07000201,49
201140703049,02010506,49
201140703057,07000202,49
201140703010,02010506,50
201140703011,07000301,50
201140703035,02010506,50
201140703037,02010501,50
201140703037,02010505,50
201140703048,0001013B,50
201140703057,02010502,50
201040703003,15060143,51
201040703026,07000217,51
201140703017,07000314,51
201140703027,02010506,51
201140703035,07000201,51
201140703052,07000105,51
201040703003,07000101,52
201040703026,15060141,52
201140703004,S1000021,52
201140703023,02010506,52
201140703023,S1000004,52
200940703053,0001021A,52
201040703026,0001041A,53
201140703038,02010506,53
201140703038,07000217,53
201140703050,07000217,53
201140703019,07000217,54
201040703065,02020107,54
200940703053,15060142,55
201140703044,0001013B,56
201140703010,TX330018,57
201140703006,15060142,58
201040703003,0001013B,60
201040703003,00030101,60
201040703003,07000204,60
201040703003,07000205,60
201040703003,07000224,60
201040703003,07000242,60
201040703003,07000260,60
201040703003,07000261,60
201040703003,07000314,60
201040703003,15060142,60
201040703026,0001013B,60
201040703026,02010505,60
201040703026,07000205,60
201040703026,07000242,60
201040703026,07000245,60
201040703026,07000260,60
201040703026,07000261,60
201040703026,07000314,60
201140703001,07000104,60
201140703001,07000105,60
201140703001,07000213,60
201140703002,02010505,60
201140703006,TX330085,60
201140703007,02010501,60
201140703009,02010506,60
201140703009,07000105,60
201140703009,07000261,60
201140703010,02010501,60
201140703010,02010505,60
201140703010,07000201,60
201140703010,07000202,60
201140703010,07000217,60
201140703010,TX330042,60
201140703011,07000101,60
201140703011,07000104,60
201140703011,07000202,60
201140703011,07000214,60
201140703013,07000314,60
201140703015,07000242,60
201140703016,07000104,60
201140703016,07000201,60
201140703017,0001031A,60
201140703017,02010501,60
201140703019,07000105,60
201140703020,00030107,60
201140703020,00030108,60
201140703022,0001041A,60
201140703022,00030104,60
201140703022,02010502,60
201140703022,07000101,60
201140703022,07000104,60
201140703022,07000105,60
201140703022,07000203,60
201140703022,07000205,60
201140703022,07000213,60
201140703022,07000214,60
201140703022,07000218,60
201140703022,07000261,60
201140703022,07000268,60
201140703023,02010502,60
201140703023,06040503,60
201140703023,07000105,60
201140703023,07000217,60
201140703023,07000242,60
201140703023,S1000005,60
201140703024,0001013B,60
201140703024,07000101,60
201140703024,07000242,60
201140703024,07000260,60
201140703024,07000301,60
201140703025,00030104,60
201140703025,07000105,60
201140703025,07000261,60
201140703025,07000268,60
201140703025,15060143,60
201140703025,15060144,60
201140703026,0001013B,60
201140703026,00030108,60
201140703026,02010502,60
201140703026,07000104,60
201140703026,07000213,60
201140703026,07000314,60
201140703027,02010501,60
201140703027,06040503,60
201140703027,07000105,60
201140703027,07000201,60
201140703027,07000268,60
201140703028,00012501,60
201140703029,00030107,60
201140703029,02010502,60
201140703029,06040503,60
201140703029,S1000004,60
201140703030,07000242,60
200940703053,02010501,60
200940703053,06040521,60
200940703053,07000101,60
200940703053,07000104,60
200940703053,07000213,60
200940703053,07000218,60
200940703053,TX070005,60
201040703065,02010506,60
201040703065,07000201,60
201040703065,07000203,60
201040703065,07000205,60
201040703065,07000242,60
201040703065,07000260,60
201040703065,07000261,60
201140703032,0001013B,60
201140703032,00030101,60
201140703032,07000104,60
201140703032,07000201,60
201140703032,07000205,60
201140703032,07000242,60
201140703032,07000260,60
201140703032,07000261,60
201140703032,07000314,60
201140703033,02010501,60
201140703033,07000201,60
201140703033,07000214,60
201140703033,07000242,60
201140703035,02010502,60
201140703035,02010505,60
201140703035,06040503,60
201140703037,0001013B,60
201140703037,02010502,60
201140703037,02010506,60
201140703037,06040503,60
201140703037,07000101,60
201140703037,07000260,60
201140703037,07000301,60
201140703038,0001013B,60
201140703038,0001031A,60
201140703038,02010505,60
201140703038,07000203,60
201140703038,07000205,60
201140703038,07000213,60
201140703038,07000242,60
201140703038,07000260,60
201140703040,0001031A,60
201140703041,02010501,60
201140703041,02010505,60
201140703041,07000213,60
201140703041,07000242,60
201140703043,07000217,60
201140703043,07000242,60
201140703044,07000104,60
201140703044,07000201,60
201140703044,07000213,60
201140703044,07000242,60
201140703044,07000314,60
201140703045,06040503,60
201140703045,07000105,60
201140703045,07000201,60
201140703045,07000242,60
201140703045,07000268,60
201140703045,07000314,60
201140703046,02010505,60
201140703046,07000218,60
201140703046,07000242,60
201140703047,02010505,60
201140703047,06040503,60
201140703047,07000242,60
201140703048,00030120,60
201140703048,02010505,60
201140703048,07000101,60
201140703048,07000245,60
201140703048,07000255,60
201140703048,07000261,60
201140703048,07000301,60
201140703049,00030125,60
201140703049,02010501,60
201140703049,07000224,60
201140703049,07000242,60
201140703049,07000261,60
201140703050,00030125,60
201140703050,02010502,60
201140703050,07000104,60
201140703050,07000242,60
201140703051,07000201,60
201140703051,07000260,60
201140703051,07000261,60
201140703052,07000201,60
201140703055,0001031A,60
201140703055,00030108,60
201140703055,07000105,60
201140703055,07000261,60
201140703056,00030102,60
201140703057,0001013B,60
201140703057,0001041A,60
201140703057,07000101,60
201140703057,07000104,60
201140703057,07000201,60
201140703057,07000260,60
201140703057,07000268,60
201140703060,07000224,60
201140703060,07000260,60
201140703060,07000268,60
201140703060,07000314,60
201040703003,07000219,61
201040703003,15060141,61
201040703003,15060144,61
201040703026,07000213,61
201040703026,15060144,61
201140703002,07000104,61
201140703002,07000217,61
201140703009,07000104,61
201140703009,07000205,61
201140703010,02010502,61
201140703010,07000101,61
201140703010,07000245,61
201140703010,07000314,61
201140703011,07000203,61
201140703011,15060141,61
201140703013,02010501,61
201140703013,02010502,61
201140703015,07000301,61
201140703022,07000242,61
201140703022,07000260,61
201140703022,07000301,61
201140703024,00030108,61
201140703024,15060144,61
201140703026,07000242,61
201140703027,0001031A,61
200940703053,02020106,61
201140703032,07000101,61
201140703032,07000213,61
201140703032,15060143,61
201140703033,07000217,61
201140703037,07000105,61
201140703038,07000101,61
201140703038,07000104,61
201140703043,06040503,61
201140703044,02010502,61
201140703046,07000105,61
201140703049,07000217,61
201140703049,07000245,61
201140703060,07000205,61
201040703026,06040503,62
201040703026,07000224,62
201140703009,07000242,62
201140703011,TX330010,62
201140703013,06040503,62
201140703019,07000104,62
201140703022,0001013B,62
201140703024,15060143,62
201140703025,07000203,62
201140703025,15060141,62
201140703027,07000203,62
201040703065,0001013B,62
201140703033,02010506,62
201140703033,07000105,62
201140703033,07000314,62
201140703035,07000242,62
201140703035,07000260,62
201140703038,07000245,62
201140703038,07000314,62
201140703043,02010506,62
201140703044,07000101,62
201140703047,07000101,62
201140703048,02010506,62
201140703048,07000260,62
201140703049,07000260,62
201140703049,07000301,62
201140703050,0001013B,62
201140703051,07000301,62
201140703051,TX330076,62
201140703052,02010506,62
201140703055,0001013A,62
201140703055,07000260,62
201140703057,07000105,62
201140703057,07000217,62
201140703057,07000301,62
201140703060,0001013B,62
201140703060,02010502,62
201140703060,07000101,62
201140703060,07000203,62
201040703003,07000213,63
201040703003,07000214,63
201040703003,07000245,63
201040703026,07000214,63
201040703026,15060142,63
201140703001,07000214,63
201140703002,07000202,63
201140703006,00030175,63
201140703007,07000105,63
201140703009,07000314,63
201140703010,0001013B,63
201140703011,15060144,63
201140703016,02010502,63
201140703017,02010505,63
201140703017,07000218,63
201140703019,07000202,63
201140703019,07000203,63
201140703020,0001013B,63
201140703023,07000314,63
201140703024,0001031A,63
201140703024,07000205,63
201140703024,07000218,63
201140703025,07000260,63
201140703026,07000219,63
200940703053,02010505,63
200940703053,15060141,63
201040703065,0001041A,63
201040703065,00030158,63
201040703065,07000214,63
201040703065,TX050014,63
201140703032,15060142,63
201140703032,TX330093,63
201140703035,07000261,63
201140703037,07000242,63
201140703043,02010502,63
201140703043,02010505,63
201140703045,07000217,63
201140703047,15060144,63
201140703048,07000205,63
201040703003,07000268,64
201140703001,07000101,64
201140703001,07000261,64
201140703002,00030101,64
201140703002,07000301,64
201140703002,07000314,64
201140703007,0001013B,64
201140703009,0001031A,64
201140703009,07000101,64
201140703010,07000203,64
201140703010,07000268,64
201140703011,07000213,64
201140703013,07000203,64
201140703016,06040503,64
201140703016,07000105,64
201140703016,07000242,64
201140703019,07000268,64
201140703023,0001013B,64
201140703023,07000260,64
201140703023,07000268,64
201140703025,07000205,64
201140703026,07000105,64
201140703026,07000203,64
201140703026,07000260,64
201140703026,07000268,64
201140703028,TX330046,64
201140703029,S1000005,64
201040703065,0001021A,64
201040703065,0001031A,64
201040703065,07000204,64
201040703065,07000268,64
201140703032,07000245,64
201140703035,00030101,64
201140703035,07000105,64
201140703035,07000245,64
201140703037,07000201,64
201140703037,07000203,64
201140703038,07000268,64
201140703041,02010506,64
201140703041,07000268,64
201140703044,07000202,64
201140703044,07000203,64
201140703044,07000205,64
201140703044,07000268,64
201140703046,07000314,64
201140703048,0001013A,64
201140703048,07000268,64
201140703049,07000101,64
201140703050,TX330009,64
201140703057,07000203,64
201140703059,0001013B,64
201140703060,TX330093,64
201040703003,07000104,65
201040703003,07000269,65
201140703002,07000204,65
201140703004,S1000009,65
201140703006,0001013B,65
201140703006,07000314,65
201140703006,15060144,65
201140703007,02010505,65
201140703007,07000261,65
201140703009,07000260,65
201140703010,TX330020,65
201140703011,07000105,65
201140703011,07000218,65
201140703016,07000314,65
201140703019,0001013B,65
201140703019,00030108,65
201140703021,02010505,65
201140703022,07000204,65
201140703023,07000104,65
201140703023,15060143,65
201140703027,07000217,65
201140703028,07000260,65
201140703029,07000104,65
201140703030,00030108,65
201040703065,00030136,65
201040703065,07000245,65
201140703032,07000204,65
201140703032,07000214,65
201140703033,07000301,65
201140703035,0001013B,65
201140703035,07000214,65
201140703036,00012501,65
201140703038,07000224,65
201140703038,TX330081,65
201140703043,0001013B,65
201140703043,07000214,65
201140703046,07000214,65
201140703046,07000260,65
201140703047,0001013B,65
201140703048,07000203,65
201140703050,07000101,65
201140703050,15060143,65
201140703051,07000101,65
201140703051,07000105,65
201140703051,07000203,65
201140703057,07000269,65
201140703059,07000214,65
201040703003,0001041A,66
201040703026,0001031A,66
201040703026,02020107,66
201140703002,0001013B,66
201140703002,07000101,66
201140703002,07000214,66
201140703005,0001031A,66
201140703006,07000218,66
201140703007,07000301,66
201140703009,07000213,66
201140703010,07000105,66
201140703010,07000205,66
201140703010,07000260,66
201140703011,07000314,66
201140703014,02010501,66
201140703015,02010505,66
201140703017,02010506,66
201140703017,07000242,66
201140703019,07000301,66
201140703019,07000314,66
201140703022,07000255,66
201140703023,S1000009,66
201140703023,S1000015,66
201140703023,S1000022,66
201140703024,0001041A,66
201140703025,0001013B,66
201140703025,07000204,66
201140703025,07000214,66
201140703025,15060142,66
201140703028,06040503,66
201040703065,07000218,66
201040703065,07000224,66
201140703033,0001013B,66
201140703041,15060144,66
201140703044,0001013A,66
201140703044,02010501,66
201140703044,07000214,66
201140703047,07000217,66
201140703048,0001041A,66
201140703048,07000244,66
201140703048,15060142,66
201140703049,0001013B,66
201140703049,00030108,66
201140703050,07000213,66
201140703052,07000314,66
201140703054,07000242,66
201140703057,07000205,66
201140703059,07000314,66
201140703060,0001041A,66
201140703060,07000214,66
201040703026,0001021A,67
201040703026,07000101,67
201040703026,TX090013,67
201140703001,07000301,67
201140703002,0001021A,67
201140703002,15060144,67
201140703007,07000202,67
201140703009,07000203,67
201140703010,0001031A,67
201140703010,07000261,67
201140703010,TX330082,67
201140703011,0001031A,67
201140703011,15060142,67
201140703016,00012501,67
201140703016,02010501,67
201140703017,07000000,67
201140703019,0001031A,67
201140703019,15060144,67
201140703021,02010506,67
201140703021,15060143,67
201140703023,07000205,67
201140703023,S1000014,67
201140703024,07000104,67
201140703024,07000261,67
201140703027,07000214,67
201140703029,02010505,67
200940703053,0001041A,67
201040703065,07000314,67
201140703032,07000224,67
201140703032,15060141,67
201140703032,15060144,67
201140703033,07000213,67
201140703035,07000213,67
201140703038,02010501,67
201140703045,07000213,67
201140703047,07000205,67
201140703048,07000104,67
201140703048,15060141,67
201140703051,02010506,67
201140703052,06040503,67
201140703052,15060141,67
201140703057,07000242,67
201140703057,TX330082,67
201140703060,07000242,67
201040703003,0001031A,68
201040703003,02010501,68
201040703003,07000218,68
201040703003,07000255,68
201040703026,02020106,68
201040703026,TX330034,68
201140703002,07000213,68
201140703002,07000268,68
201140703005,00012501,68
201140703007,02010506,68
201140703007,07000101,68
201140703008,07000268,68
201140703010,0001041A,68
201140703010,07000204,68
201140703010,07000219,68
201140703011,07000217,68
201140703011,15060143,68
201140703013,00012501,68
201140703013,07000218,68
201140703014,07000260,68
201140703015,0001013B,68
201140703015,07000101,68
201140703015,15060143,68
201140703016,07000205,68
201140703017,07000260,68
201140703019,15060141,68
201140703022,15060143,68
201140703023,07000101,68
201140703023,07000261,68
201140703023,S1000019,68
201140703023,S1000020,68
201140703024,07000202,68
201140703024,07000268,68
201140703025,07000301,68
201140703026,07000101,68
201140703026,07000217,68
201140703027,07000261,68
201140703028,07000268,68
200940703053,07000314,68
201040703065,07000104,68
201140703032,07000268,68
201140703033,15060144,68
201140703033,TX330001,68
201140703035,00012501,68
201140703038,0001013A,68
201140703038,00012501,68
201140703040,07000301,68
201140703041,0001013A,68
201140703041,07000101,68
201140703044,07000218,68
201140703045,02010506,68
201140703046,07000217,68
201140703047,TX330093,68
201140703048,00012501,68
201140703048,07000204,68
201140703049,07000203,68
201140703049,15060141,68
201140703050,0001013A,68
201140703050,07000261,68
201140703051,00012501,68
201140703051,06040503,68
201140703054,15060141,68
201140703055,07000242,68
201140703056,00012501,68
201140703057,0001013A,68
201140703060,07000255,68
201140703001,07000203,69
201140703002,07000224,69
201140703005,06040503,69
201140703006,02010506,69
201140703011,07000224,69
201140703016,02010506,69
201140703016,07000101,69
201140703016,TX330241,69
201140703017,0001021A,69
201140703019,15060142,69
201140703022,07000202,69
201140703023,S1000011,69
201140703023,TX330002,69
201140703024,07000204,69
201140703025,07000224,69
201140703026,07000301,69
200940703053,0001031A,69
201140703033,07000202,69
201140703035,07000101,69
201140703038,00030107,69
201140703041,07000214,69
201140703043,15060141,69
201140703046,0001013B,69
201140703047,07000301,69
201140703047,15060141,69
201140703048,15060144,69
201140703049,07000205,69
201140703050,07000301,69
201140703051,07000213,69
201140703052,07000301,69
201140703055,07000301,69
201140703057,07000245,69
201040703003,00030102,70
201040703026,07000269,70
201140703001,00030126,70
201140703001,07000242,70
201140703002,00030102,70
201140703002,07000261,70
201140703002,TX330087,70
201140703005,02010501,70
201140703005,07000242,70
201140703007,00012501,70
201140703007,07000214,70
201140703008,02010502,70
201140703008,07000201,70
201140703008,15060142,70
201140703009,0001013B,70
201140703009,00030125,70
201140703009,07000255,70
201140703009,15060144,70
201140703009,TX330087,70
201140703010,00012501,70
201140703010,07000104,70
201140703011,07000219,70
201140703011,07000242,70
201140703011,07000245,70
201140703011,07000255,70
201140703013,02010505,70
201140703013,TX330104,70
201140703015,00030125,70
201140703015,00030126,70
201140703015,07000104,70
201140703015,07000217,70
201140703015,07000219,70
201140703016,0001013B,70
201140703016,00030126,70
201140703016,07000269,70
201140703016,TX330980,70
201140703017,07000219,70
201140703020,00012501,70
201140703020,00030125,70
201140703020,00030126,70
201140703020,TX330087,70
201140703021,00030107,70
201140703021,00030108,70
201140703021,02010502,70
201140703022,00030125,70
201140703022,00030126,70
201140703023,07000202,70
201140703023,07000224,70
201140703024,00030125,70
201140703024,07000203,70
201140703024,07000255,70
201140703025,07000242,70
201140703026,0001031A,70
201140703026,00030126,70
201140703027,02010502,70
201140703027,07000101,70
201140703027,15060144,70
201140703028,02010505,70
201140703028,07000224,70
201140703029,00030125,70
201140703029,07000101,70
201140703029,S1000014,70
201140703030,00012501,70
201140703030,00030125,70
201040703065,0001013A,70
201040703065,00030135,70
201040703065,07000202,70
201040703065,07000219,70
201140703032,07000269,70
201140703033,00012501,70
201140703034,TX330085,70
201140703035,07000217,70
201140703035,07000219,70
201140703035,07000269,70
201140703036,00030135,70
201140703036,00030136,70
201140703037,07000314,70
201140703038,02010502,70
201140703038,07000219,70
201140703038,07000269,70
201140703038,15060141,70
201140703039,00012501,70
201140703040,00030125,70
201140703041,00012501,70
201140703041,00030125,70
201140703041,07000104,70
201140703041,07000260,70
201140703043,00012501,70
201140703043,02010501,70
201140703043,15060143,70
201140703045,0001013B,70
201140703045,02010502,70
201140703045,07000219,70
201140703045,07000269,70
201140703046,07000244,70
201140703047,00012501,70
201140703047,02010501,70
201140703047,07000269,70
201140703047,07000314,70
201140703049,07000214,70
201140703049,07000269,70
201140703050,0001041A,70
201140703050,00030119,70
201140703050,00030126,70
201140703050,15060144,70
201140703051,TX330111,70
201140703052,0001013B,70
201140703052,02010502,70
201140703054,00012501,70
201140703055,0001013B,70
201140703055,00030126,70
201140703055,07000245,70
201140703055,07000269,70
201140703055,TX330127,70
201140703057,00030103,70
201140703060,0001013A,70
201140703060,00012501,70
201140703060,07000104,70
201140703060,07000245,70
201140703060,07000269,70
201040703026,00030112,71
201140703002,TX330045,71
201140703003,00012501,71
201140703003,TX330182,71
201140703004,00012501,71
201140703005,07000218,71
201140703006,0001013A,71
201140703006,02010502,71
201140703006,15060141,71
201140703009,07000218,71
201140703009,15060142,71
201140703009,15060143,71
201140703010,07000301,71
201140703011,00012501,71
201140703012,TX330182,71
201140703013,07000214,71
201140703014,02010502,71
201140703014,07000301,71
201140703015,02010506,71
201140703015,15060141,71
201140703016,15060143,71
201140703017,07000101,71
201140703017,15060144,71
201140703017,TX330182,71
201140703019,07000219,71
201140703021,15060142,71
201140703022,15060142,71
201140703023,00030108,71
201140703023,07000219,71
201140703023,S1000006,71
201140703025,07000101,71
201140703025,07000213,71
201140703025,07000217,71
201140703025,07000218,71
201140703026,0001013A,71
201140703026,00030107,71
201140703026,07000218,71
201140703027,07000104,71
201140703027,07000218,71
201140703027,15060142,71
201140703028,0001013B,71
201140703029,00030108,71
201140703029,S1000019,71
201140703032,0001021A,71
201140703032,07000255,71
201140703033,07000218,71
201140703034,07000242,71
201140703035,TX330042,71
201140703037,00030215,71
201140703038,07000000,71
201140703038,07000105,71
201140703040,0001013B,71
201140703041,0001013B,71
201140703041,07000245,71
201140703043,0001031A,71
201140703043,07000219,71
201140703043,15060144,71
201140703044,07000260,71
201140703044,07000301,71
201140703045,0001013A,71
201140703045,02010505,71
201140703045,07000224,71
201140703045,07000245,71
201140703045,15060143,71
201140703046,00030119,71
201140703046,00030120,71
201140703046,07000104,71
201140703047,15060142,71
201140703047,15060143,71
201140703047,TX330109,71
201140703049,07000104,71
201140703049,07000218,71
201140703049,07000219,71
201140703049,07000314,71
201140703051,07000219,71
201140703051,07000242,71
201140703051,07000245,71
201140703051,15060141,71
201140703055,07000104,71
201140703057,07000214,71
201140703057,07000224,71
201140703060,02010506,71
201140703060,07000219,71
201140703060,15060143,71
201140703060,15060144,71
201040703026,07000255,72
201140703001,07000268,72
201140703002,00012501,72
201140703003,15060144,72
201140703004,S1000006,72
201140703007,07000217,72
201140703008,07000314,72
201140703009,0001041A,72
201140703009,00012501,72
201140703009,07000301,72
201140703009,15060141,72
201140703010,07000213,72
201140703010,15060143,72
201140703010,15060144,72
201140703011,07000205,72
201140703011,07000268,72
201140703013,07000260,72
201140703015,07000314,72
201140703016,07000219,72
201140703017,07000203,72
201140703019,0001013A,72
201140703019,00012501,72
201140703019,00030107,72
201140703019,07000101,72
201140703019,07000214,72
201140703019,07000244,72
201140703020,07000242,72
201140703020,TX330091,72
201140703021,15060141,72
201140703022,15060141,72
201140703022,15060144,72
201140703022,TX330077,72
201140703023,0001041A,72
201140703023,07000201,72
201140703023,15060144,72
201140703024,00030107,72
201140703024,07000245,72
201140703025,07000104,72
201140703025,07000245,72
201140703026,07000224,72
201140703026,15060143,72
201140703026,15060144,72
201140703027,00012501,72
201140703028,0001031A,72
201140703028,07000218,72
201140703028,07000242,72
201140703029,07000314,72
201040703065,07000255,72
201140703032,0001013A,72
201140703033,0001013A,72
201140703033,07000260,72
201140703033,07000261,72
201140703034,0001013B,72
201140703035,07000104,72
201140703036,07000105,72
201140703037,07000219,72
201140703037,15060144,72
201140703041,07000202,72
201140703041,07000255,72
201140703043,07000314,72
201140703045,07000205,72
201140703046,02010506,72
201140703048,0001021A,72
201140703049,00012501,72
201140703049,00030107,72
201140703049,07000244,72
201140703050,07000219,72
201140703051,02010502,72
201140703054,TX330213,72
201140703056,00030101,72
201140703057,00012501,72
201140703057,07000244,72
201140703057,15060141,72
201140703059,07000217,72
201140703059,07000245,72
201140703001,0001013B,73
201140703001,07000219,73
201140703001,15060144,73
201140703002,07000218,73
201140703002,15060143,73
201140703003,15060141,73
201140703006,00012501,73
201140703006,15060143,73
201140703007,15060141,73
201140703008,0001013A,73
201140703014,02010505,73
201140703014,07000101,73
201140703015,00012501,73
201140703015,07000203,73
201140703015,15060144,73
201140703016,07000203,73
201140703019,07000201,73
201140703019,15060143,73
201140703020,07000201,73
201140703021,0001013A,73
201140703023,00012501,73
201140703024,0001013A,73
201140703024,07000214,73
201140703024,07000224,73
201140703024,15060141,73
201140703024,15060142,73
201140703024,TX330010,73
201140703025,0001013A,73
201140703025,0001041A,73
201140703025,00012501,73
201140703025,07000231,73
201140703026,07000214,73
201140703027,0001013A,73
201140703027,07000314,73
201140703028,02010501,73
201140703029,15060143,73
201140703029,S1000020,73
201140703030,00030107,73
201040703065,07000217,73
201040703065,15060141,73
201140703031,15060141,73
201140703033,07000104,73
201140703033,07000205,73
201140703035,15060141,73
201140703035,15060143,73
201140703037,0001013A,73
201140703037,0001031A,73
201140703037,07000217,73
201140703038,00030108,73
201140703040,00012501,73
201140703041,07000204,73
201140703043,07000104,73
201140703044,07000245,73
201140703044,07000255,73
201140703044,15060143,73
201140703044,15060144,73
201140703045,07000218,73
201140703046,07000203,73
201140703046,07000261,73
201140703047,07000218,73
201140703049,15060143,73
201140703052,0001021A,73
201140703052,00012501,73
201140703055,07000244,73
201140703059,00012501,73
201140703059,07000219,73
201140703059,07000242,73
201140703060,15060142,73
201040703026,07000204,74
201140703001,0001013A,74
201140703001,07000204,74
201140703002,07000219,74
201140703002,15060142,74
201140703004,0001013B,74
201140703005,07000105,74
201140703005,15060141,74
201140703006,02010501,74
201140703006,07000214,74
201140703007,0001021A,74
201140703007,07000213,74
201140703007,07000314,74
201140703007,15060142,74
201140703008,02010506,74
201140703008,07000219,74
201140703008,15060144,74
201140703010,07000218,74
201140703010,07000224,74
201140703011,0001013A,74
201140703011,0001013B,74
201140703011,07000000,74
201140703013,07000219,74
201140703013,07000245,74
201140703014,0001013B,74
201140703014,07000224,74
201140703015,0001041A,74
201140703015,07000201,74
201140703016,TX330012,74
201140703019,07000245,74
201140703020,0001013A,74
201140703022,0001013A,74
201140703023,0001013A,74
201140703023,15060142,74
201140703025,07000000,74
201140703026,07000205,74
201140703026,07000255,74
201140703027,0001013B,74
201140703027,07000245,74
201140703027,07000255,74
201140703027,07000301,74
201140703028,02010502,74
201140703028,07000314,74
201140703029,0001013B,74
201140703029,TX330002,74
201140703030,02010501,74
201040703065,07000213,74
201140703032,07000219,74
201140703033,07000203,74
201140703033,07000219,74
201140703034,07000217,74
201140703036,02010506,74
201140703037,07000255,74
201140703037,TX330045,74
201140703038,07000255,74
201140703041,15060141,74
201140703042,0001013B,74
201140703043,07000101,74
201140703043,07000105,74
201140703043,TX330087,74
201140703044,07000219,74
201140703045,07000101,74
201140703045,07000260,74
201140703045,15060141,74
201140703045,15060144,74
201140703046,00012501,74
201140703047,0001041A,74
201140703047,07000104,74
201140703048,07000219,74
201140703048,15060143,74
201140703049,07000202,74
201140703049,15060144,74
201140703050,07000314,74
201140703050,TX330045,74
201140703051,0001013B,74
201140703051,15060144,74
201140703052,07000242,74
201140703052,15060142,74
201140703052,15060143,74
201140703052,15060144,74
201140703052,TX330097,74
201140703057,07000255,74
201140703059,07000105,74
201140703059,07000218,74
201140703060,0001031A,74
201040703003,00030103,75
201040703003,TX310015,75
201140703001,00030125,75
201140703001,07000245,75
201140703002,0001013A,75
201140703002,07000205,75
201140703004,00030185,75
201140703005,07000314,75
201140703006,02010505,75
201140703007,07000201,75
201140703007,15060144,75
201140703007,TX330082,75
201140703009,00030103,75
201140703009,00030126,75
201140703009,07000204,75
201140703009,07000217,75
201140703011,07000269,75
201140703012,00030185,75
201140703012,TX330225,75
201140703014,00012501,75
201140703014,00030125,75
201140703014,00030126,75
201140703015,0001021A,75
201140703015,06040503,75
201140703016,00030125,75
201140703017,0001013A,75
201140703017,0001013B,75
201140703017,07000214,75
201140703017,15060141,75
201140703017,15060142,75
201140703019,00030125,75
201140703019,00030126,75
201140703019,07000205,75
201140703021,00030125,75
201140703021,00030126,75
201140703021,15060144,75
201140703022,TX330129,75
201140703022,TX330197,75
201140703023,00030107,75
201140703023,15060141,75
201140703024,00030126,75
201140703024,07000000,75
201140703024,07000269,75
201140703025,07000255,75
201140703025,07000269,75
201140703026,07000231,75
201140703026,07000245,75
201140703026,07000261,75
201140703026,TX330305,75
201140703027,07000202,75
201140703029,00030126,75
201140703029,S1000003,75
201140703029,S1000006,75
201140703029,S1000009,75
201140703030,00030126,75
201040703065,TX330053,75
201140703033,15060141,75
201140703033,15060143,75
201140703034,00012501,75
201140703034,00030143,75
201140703034,00030185,75
201140703034,07000314,75
201140703035,00030102,75
201140703035,07000301,75
201140703035,07000314,75
201140703037,15060141,75
201140703038,00030109,75
201140703038,07000218,75
201140703038,07000244,75
201140703039,00030185,75
201140703040,00030126,75
201140703040,TX330082,75
201140703041,00030126,75
201140703042,00030185,75
201140703043,0001013A,75
201140703043,00030109,75
201140703043,ky070002,75
201140703044,0001041A,75
201140703044,00012501,75
201140703045,07000301,75
201140703046,07000269,75
201140703046,07000301,75
201140703046,ky070004,75
201140703049,TX330045,75
201140703050,00030120,75
201140703050,07000269,75
201140703051,00030143,75
201140703051,07000205,75
201140703052,02010505,75
201140703052,07000218,75
201140703053,00030185,75
201140703054,ky070004,75
201140703055,00012501,75
201140703055,00030125,75
201140703057,02010501,75
201140703059,07000269,75
201140703059,15060141,75
201140703059,15060144,75
201140703060,07000213,75
201140703060,15060141,75
201040703003,07000231,76
201040703026,07000218,76
201040703026,07000219,76
201040703026,07000268,76
201140703001,TX330009,76
201140703002,07000203,76
201140703002,07000245,76
201140703003,0001013A,76
201140703004,S1000022,76
201140703006,07000242,76
201140703006,TX330302,76
201140703007,0001031A,76
201140703007,07000268,76
201140703008,0001013B,76
201140703008,07000217,76
201140703008,07000218,76
201140703008,15060143,76
201140703009,07000214,76
201140703009,07000219,76
201140703009,07000268,76
201140703010,07000231,76
201140703010,07000255,76
201140703011,07000261,76
201140703012,0001013A,76
201140703012,00012501,76
201140703013,07000268,76
201140703014,15060144,76
201140703015,0001013A,76
201140703015,07000105,76
201140703015,07000268,76
201140703015,TX330104,76
201140703016,07000214,76
201140703016,15060142,76
201140703017,07000268,76
201140703020,15060141,76
201140703021,0001013B,76
201140703021,00012501,76
201140703022,TX330127,76
201140703023,02010501,76
201140703023,07000203,76
201140703024,07000231,76
201140703025,TX330042,76
201140703027,07000260,76
201140703028,02010506,76
201140703029,00012501,76
201140703029,15060144,76
200940703053,02020304,76
201040703065,07000244,76
201140703031,0001013B,76
201140703032,00012501,76
201140703033,07000000,76
201140703033,07000268,76
201140703034,0001013A,76
201140703035,0001013A,76
201140703035,15060142,76
201140703035,15060144,76
201140703036,0001013A,76
201140703037,00012501,76
201140703037,07000218,76
201140703037,07000261,76
201140703037,07000268,76
201140703037,15060143,76
201140703038,TX330106,76
201140703039,ky070002,76
201140703041,07000203,76
201140703041,07000314,76
201140703042,15060141,76
201140703043,07000260,76
201140703044,00030101,76
201140703045,00012501,76
201140703045,TX330048,76
201140703046,0001013A,76
201140703046,07000201,76
201140703047,00030109,76
201140703048,07000231,76
201140703049,0001013A,76
201140703049,TX330104,76
201140703050,07000201,76
201140703050,07000203,76
201140703050,07000260,76
201140703051,07000214,76
201140703051,07000268,76
201140703052,00030101,76
201140703052,02010501,76
201140703052,07000205,76
201140703052,07000245,76
201140703053,00012501,76
201140703057,07000218,76
201140703057,15060143,76
201140703059,07000203,76
201140703059,07000261,76
201140703059,TX330982,76
201140703060,0001021A,76
201140703060,07000231,76
201140703060,TX330082,76
201040703003,0001013A,77
201040703026,07000231,77
201140703001,07000202,77
201140703001,15060142,77
201140703002,07000231,77
201140703004,0001013A,77
201140703004,S1000002,77
201140703005,TX330181,77
201140703007,07000218,77
201140703007,15060143,77
201140703007,TX330181,77
201140703008,15060141,77
201140703011,07000204,77
201140703013,07000000,77
201140703014,07000231,77
201140703014,07000261,77
201140703015,07000205,77
201140703015,TX330181,77
201140703016,07000301,77
201140703017,07000231,77
201140703019,0001021A,77
201140703019,07000261,77
201140703022,0001021A,77
201140703022,07000219,77
201140703023,S1000003,77
201140703026,00012501,77
201140703027,07000213,77
201140703028,07000205,77
201140703030,07000260,77
201140703030,07000314,77
201140703030,ky070002,77
201040703065,15060142,77
201040703065,15060144,77
201140703031,02010502,77
201140703031,15060144,77
201140703032,TX330091,77
201140703033,07000101,77
201140703033,07000224,77
201140703033,15060142,77
201140703035,07000203,77
201140703035,07000204,77
201140703037,07000213,77
201140703037,15060142,77
201140703040,07000242,77
201140703041,07000219,77
201140703041,07000301,77
201140703043,07000231,77
201140703043,15060142,77
201140703043,TX330135,77
201140703044,0001031A,77
201140703044,07000231,77
201140703046,07000213,77
201140703046,07000224,77
201140703046,15060141,77
201140703046,15060143,77
201140703046,15060144,77
201140703046,ky070002,77
201140703047,0001021A,77
201140703047,07000219,77
201140703047,TX330147,77
201140703048,TX330042,77
201140703049,07000204,77
201140703049,07000231,77
201140703050,TX330067,77
201140703050,ky070002,77
201140703051,0001013A,77
201140703051,07000255,77
201140703051,15060142,77
201140703052,0001013A,77
201140703052,07000104,77
201140703052,07000202,77
201140703052,ky070002,77
201140703053,ky070002,77
201140703054,02010501,77
201140703055,ky070002,77
201140703057,07000204,77
201140703057,07000219,77
201140703057,15060144,77
201140703057,TX330105,77
201140703059,0001021A,77
201140703059,02010506,77
201040703026,TX330098,78
201140703001,00012501,78
201140703001,00030103,78
201140703001,15060141,78
201140703002,0001041A,78
201140703002,07000260,78
201140703002,15060141,78
201140703004,15060141,78
201140703004,S1000004,78
201140703004,TX330183,78
201140703005,0001013B,78
201140703005,02010502,78
201140703005,15060142,78
201140703005,TX330207,78
201140703007,02010502,78
201140703007,TX330139,78
201140703008,0001031A,78
201140703009,0001013A,78
201140703009,00030104,78
201140703009,07000224,78
201140703009,07000245,78
201140703009,TX330018,78
201140703010,0001013A,78
201140703010,15060142,78
201140703010,TX330127,78
201140703012,0001013B,78
201140703012,TX330183,78
201140703013,0001013B,78
201140703014,15060141,78
201140703015,02010502,78
201140703016,0001021A,78
201140703016,07000224,78
201140703016,07000245,78
201140703016,07000260,78
201140703016,07000261,78
201140703016,15060144,78
201140703017,07000105,78
201140703021,07000218,78
201140703021,07000314,78
201140703021,TX330018,78
201140703022,07000224,78
201140703024,0001021A,78
201140703024,07000219,78
201140703025,0001021A,78
201140703025,07000219,78
201140703026,07000204,78
201140703026,15060142,78
201140703027,07000204,78
201140703027,07000219,78
201140703027,15060143,78
201140703028,07000231,78
201140703028,07000301,78
201140703029,07000214,78
201040703065,00030157,78
201040703065,07000101,78
201040703065,15060143,78
201140703031,ky070002,78
201140703032,0001041A,78
201140703033,0001041A,78
201140703034,00030144,78
201140703034,02010502,78
201140703034,07000219,78
201140703034,15060144,78
201140703035,07000218,78
201140703036,0001013B,78
201140703036,00030101,78
201140703036,00030102,78
201140703036,ky070002,78
201140703037,0001041A,78
201140703037,07000245,78
201140703037,TX330085,78
201140703038,0001041A,78
201140703038,07000261,78
201140703038,15060142,78
201140703038,TX330010,78
201140703040,0001041A,78
201140703040,07000105,78
201140703040,07000314,78
201140703040,ky070002,78
201140703041,00030103,78
201140703041,00030104,78
201140703041,07000244,78
201140703042,00012501,78
201140703042,ky070002,78
201140703043,TX330042,78
201140703044,15060141,78
201140703044,TX330030,78
201140703045,07000255,78
201140703046,07000245,78
201140703046,15060142,78
201140703046,TX330079,78
201140703047,ky070002,78
201140703048,00030119,78
201140703049,0001021A,78
201140703049,0001041A,78
201140703049,15060142,78
201140703050,02010501,78
201140703050,07000205,78
201140703050,07000244,78
201140703050,15060141,78
201140703050,15060142,78
201140703052,0001041A,78
201140703052,00030102,78
201140703054,07000314,78
201140703055,02010505,78
201140703056,07000219,78
201140703057,07000213,78
201140703057,TX330212,78
201140703059,00030143,78
201140703059,07000104,78
201040703003,0001021A,79
201040703026,02020304,79
201140703001,TX330120,79
201140703004,S1000011,79
201140703004,S1000012,79
201140703005,00030175,79
201140703005,15060144,79
201140703006,0001031A,79
201140703007,07000231,79
201140703008,02010505,79
201140703009,07000000,79
201140703012,TX330104,79
201140703013,07000205,79
201140703013,07000224,79
201140703013,07000244,79
201140703014,TX330010,79
201140703015,07000261,79
201140703015,15060142,79
201140703015,TX330082,79
201140703017,07000301,79
201140703017,15060143,79
201140703019,0001041A,79
201140703019,07000204,79
201140703019,07000260,79
201140703020,15060142,79
201140703020,15060144,79
201140703021,07000244,79
201140703022,07000244,79
201140703023,S1000012,79
201140703023,TX330010,79
201140703025,TX330034,79
201140703026,07000202,79
201140703026,15060141,79
201140703027,15060141,79
201140703029,07000219,79
201140703029,ky070002,79
200940703053,00030112,79
201140703032,TX330045,79
201140703033,00030119,79
201140703034,15060141,79
201140703035,07000224,79
201140703036,15060144,79
201140703038,15060144,79
201140703040,0001013A,79
201140703040,02010506,79
201140703044,00030120,79
201140703044,07000000,79
201140703044,07000204,79
201140703044,07000224,79
201140703045,15060142,79
201140703047,07000213,79
201140703048,07000218,79
201140703048,07000224,79
201140703050,07000202,79
201140703051,02010505,79
201140703055,07000224,79
201140703056,15060142,79
201140703056,15060144,79
201140703056,TX330082,79
201140703057,15060142,79
201140703059,0001013A,79
201140703060,07000261,79
201040703003,TX330098,80
201040703026,TX330086,80
201140703001,00030104,80
201140703001,07000255,80
201140703001,07000260,80
201140703001,07000314,80
201140703002,07000242,80
201140703002,07000269,80
201140703003,07000219,80
201140703004,07000219,80
201140703004,07000268,80
201140703004,07000269,80
201140703004,S1000003,80
201140703005,00030186,80
201140703005,02010505,80
201140703005,ky070004,80
201140703006,0001041A,80
201140703006,00030182,80
201140703006,07000269,80
201140703006,TX330087,80
201140703007,0001041A,80
201140703007,00030126,80
201140703007,07000204,80
201140703007,07000245,80
201140703007,07000255,80
201140703008,00012501,80
201140703009,07000269,80
201140703010,0001021A,80
201140703010,00030107,80
201140703010,00030126,80
201140703010,07000000,80
201140703010,07000214,80
201140703010,07000242,80
201140703010,07000269,80
201140703011,00030125,80
201140703011,00030126,80
201140703011,07000244,80
201140703011,07000260,80
201140703011,TX330026,80
201140703013,07000217,80
201140703013,07000261,80
201140703013,07000269,80
201140703014,07000214,80
201140703014,07000217,80
201140703014,07000219,80
201140703014,07000242,80
201140703014,07000269,80
201140703014,07000314,80
201140703014,ky070004,80
201140703015,0001031A,80
201140703015,00030103,80
201140703015,07000244,80
201140703015,07000269,80
201140703016,0001013A,80
201140703016,ky070004,80
201140703017,0001041A,80
201140703017,00012501,80
201140703017,07000245,80
201140703017,07000269,80
201140703019,07000242,80
201140703019,07000269,80
201140703019,TX330097,80
201140703020,07000105,80
201140703020,07000217,80
201140703020,07000219,80
201140703020,15060143,80
201140703020,TX330083,80
201140703020,ky070004,80
201140703021,02010501,80
201140703021,ky070004,80
201140703022,00012501,80
201140703022,07000245,80
201140703022,07000269,80
201140703023,07000214,80
201140703023,07000255,80
201140703023,07000269,80
201140703025,00030126,80
201140703025,TX330190,80
201140703026,00030125,80
201140703026,TX330003,80
201140703026,TX330104,80
201140703027,07000242,80
201140703027,07000269,80
201140703027,TX330034,80
201140703027,ky070004,80
201140703028,07000219,80
201140703028,07000245,80
201140703029,0001013A,80
201140703029,02010501,80
201140703029,07000217,80
201140703029,15060142,80
201140703029,S1000015,80
201140703029,TX330010,80
201140703029,ky070004,80
201140703030,0001013B,80
201140703030,02010506,80
201140703030,07000219,80
201140703030,07000269,80
201140703030,15060141,80
201140703030,TX330091,80
200940703053,00030110,80
200940703053,TX030034,80
201040703065,07000269,80
201140703031,0001013A,80
201140703031,00012501,80
201140703031,07000219,80
201140703031,07000269,80
201140703031,15060143,80
201140703033,TX330085,80
201140703034,00030186,80
201140703034,07000105,80
201140703034,15060143,80
201140703034,TX330026,80
201140703034,ky070002,80
201140703035,07000000,80
201140703036,07000242,80
201140703036,07000269,80
201140703036,ky070004,80
201140703037,07000202,80
201140703037,07000205,80
201140703037,07000269,80
201140703038,00030110,80
201140703038,07000214,80
201140703038,15060143,80
201140703040,07000269,80
201140703040,15060144,80
201140703040,ky070004,80
201140703041,0001031A,80
201140703041,07000205,80
201140703041,07000269,80
201140703042,0001013A,80
201140703042,07000219,80
201140703042,TX330044,80
201140703043,07000245,80
201140703043,07000269,80
201140703043,07000301,80
201140703044,00030102,80
201140703044,07000269,80
201140703045,07000000,80
201140703045,07000203,80
201140703046,00030101,80
201140703046,07000219,80
201140703047,00030110,80
201140703047,ky070004,80
201140703049,0001031A,80
201140703049,00030126,80
201140703049,TX330091,80
201140703050,0001021A,80
201140703050,0001031A,80
201140703050,00012501,80
201140703050,TX330331,80
201140703051,00030144,80
201140703051,07000104,80
201140703051,07000269,80
201140703052,07000101,80
201140703052,07000214,80
201140703052,07000219,80
201140703052,07000260,80
201140703053,0001013B,80
201140703054,0001013A,80
201140703054,07000219,80
201140703054,15060144,80
201140703055,07000214,80
201140703055,07000219,80
201140703055,T1000009,80
201140703055,ky070004,80
201140703056,0001013A,80
201140703056,00030119,80
201140703056,06040503,80
201140703056,15060141,80
201140703056,15060143,80
201140703056,ky070002,80
201140703057,0001021A,80
201140703057,07000261,80
201140703059,00030144,80
201140703059,02010502,80
201140703059,07000255,80
201140703059,15060143,80
201140703060,02010501,80
201140703060,07000000,80
201140703060,07000204,80
201040703026,00030111,81
201140703003,TX330104,81
201140703004,0001031A,81
201140703005,0001013A,81
201140703005,07000219,81
201140703006,07000219,81
201140703006,ky070002,81
201140703007,06040503,81
201140703007,07000219,81
201140703007,07000242,81
201140703007,07000260,81
201140703008,07000104,81
201140703011,0001021A,81
201140703011,TX330190,81
201140703012,07000214,81
201140703012,07000219,81
201140703013,0001013A,81
201140703013,00030186,81
201140703013,02010506,81
201140703013,15060143,81
201140703014,00030107,81
201140703014,TX330135,81
201140703016,07000217,81
201140703016,15060141,81
201140703017,00030186,81
201140703017,07000224,81
201140703019,07000213,81
201140703019,07000224,81
201140703019,TX330085,81
201140703020,07000104,81
201140703020,07000244,81
201140703020,TX330093,81
201140703020,ky070002,81
201140703021,07000214,81
201140703023,00030138,81
201140703024,00012501,81
201140703025,07000244,81
201140703027,TX330106,81
201140703027,ky070002,81
201140703028,0001013A,81
201140703028,0001021A,81
201140703028,07000101,81
201140703028,15060142,81
201140703029,0001031A,81
201140703029,S1000011,81
201140703030,02010505,81
201140703030,15060144,81
201040703065,TX330030,81
201140703034,TX330111,81
201140703036,07000101,81
201140703037,07000104,81
201140703040,07000219,81
201140703041,15060143,81
201140703043,00030110,81
201140703043,07000205,81
201140703043,07000255,81
201140703043,07000261,81
201140703044,00030119,81
201140703045,07000202,81
201140703047,0001013A,81
201140703047,07000202,81
201140703047,07000245,81
201140703048,0001031A,81
201140703051,07000224,81
201140703051,15060143,81
201140703052,07000217,81
201140703052,TX330082,81
201140703053,00030144,81
201140703054,07000101,81
201140703055,07000101,81
201140703057,00030101,81
201140703057,00030102,81
201140703057,07000314,81
201140703059,0001031A,81
201140703059,02010501,81
201140703059,07000101,81
201140703059,07000201,81
201140703059,ky070002,81
201140703060,TX330060,81
201040703003,07000000,82
201040703026,0001013A,82
201040703026,07000000,82
201140703002,TX330166,82
201140703003,0001031A,82
201140703003,07000218,82
201140703003,15060142,82
201140703003,15060143,82
201140703003,TX330026,82
201140703003,ky070002,82
201140703004,07000214,82
201140703004,S1000005,82
201140703005,0001021A,82
201140703005,07000000,82
201140703005,15060143,82
201140703005,TX330228,82
201140703005,ky070002,82
201140703006,00030176,82
201140703006,07000104,82
201140703006,07000261,82
201140703007,0001013A,82
201140703007,00030103,82
201140703007,07000203,82
201140703007,07000205,82
201140703008,00030175,82
201140703008,07000214,82
201140703008,07000260,82
201140703008,TX330002,82
201140703009,TX330027,82
201140703010,15060141,82
201140703012,ky070002,82
201140703013,0001021A,82
201140703013,07000231,82
201140703014,15060143,82
201140703014,TX330306,82
201140703015,02010501,82
201140703015,07000214,82
201140703016,07000204,82
201140703016,07000213,82
201140703016,ky070002,82
201140703017,07000255,82
201140703017,TX330228,82
201140703021,07000101,82
201140703021,07000217,82
201140703021,07000219,82
201140703021,TX330135,82
201140703022,TX330306,82
201140703023,07000000,82
201140703023,07000213,82
201140703024,07000213,82
201140703026,0001041A,82
201140703026,07000000,82
201140703028,07000104,82
201140703028,07000255,82
201140703030,02010502,82
201140703030,07000218,82
201140703030,07000261,82
201140703030,TX330147,82
201040703065,TX330197,82
201140703031,15060142,82
201140703031,TX330104,82
201140703032,00030102,82
201140703032,07000000,82
201140703033,07000245,82
201140703034,07000203,82
201140703035,02010501,82
201140703036,07000219,82
201140703037,00030216,82
201140703037,07000224,82
201140703039,00030143,82
201140703039,00030144,82
201140703039,15060141,82
201140703040,07000101,82
201140703041,07000224,82
201140703041,15060142,82
201140703041,TX330109,82
201140703043,07000201,82
201140703043,07000224,82
201140703044,07000261,82
201140703044,15060142,82
201140703045,0001041A,82
201140703045,07000104,82
201140703045,07000214,82
201140703046,0001021A,82
201140703047,07000214,82
201140703047,07000260,82
201140703048,07000201,82
201140703049,07000000,82
201140703049,07000105,82
201140703049,ky070002,82
201140703052,00030107,82
201140703053,0001013A,82
201140703053,07000219,82
201140703053,15060141,82
201140703054,0001013B,82
201140703054,02010502,82
201140703054,ky070002,82
201140703055,07000213,82
201140703055,TX330178,82
201140703057,TX330060,82
201140703060,07000218,82
201140703060,07000244,82
201040703003,TX050017,83
201040703026,02010501,83
201040703026,02020305,83
201140703001,0001041A,83
201140703001,07000224,83
201140703001,TX330010,83
201140703003,07000214,83
201140703003,TX330181,83
201140703004,02010501,83
201140703004,07000205,83
201140703004,07000261,83
201140703004,S1000007,83
201140703005,00030176,83
201140703009,07000202,83
201140703011,0001041A,83
201140703013,00030175,83
201140703013,00030176,83
201140703013,07000213,83
201140703013,15060141,83
201140703013,TX330044,83
201140703014,15060142,83
201140703015,00030104,83
201140703015,07000204,83
201140703015,07000218,83
201140703015,07000224,83
201140703015,07000245,83
201140703017,00030185,83
201140703017,TX330181,83
201140703020,0001031A,83
201140703020,07000205,83
201140703020,07000261,83
201140703020,07000314,83
201140703021,07000104,83
201140703023,07000231,83
201140703024,TX330002,83
201140703028,07000214,83
201140703028,07000217,83
201140703028,07000261,83
201140703028,15060144,83
201140703028,TX330181,83
201140703029,07000242,83
201040703065,07000231,83
201140703031,00030137,83
201140703031,02010505,83
201140703032,07000244,83
201140703033,07000204,83
201140703034,07000214,83
201140703035,0001021A,83
201140703035,0001031A,83
201140703035,07000255,83
201140703036,07000000,83
201140703037,0001021A,83
201140703039,07000214,83
201140703039,TX330111,83
201140703040,02010505,83
201140703040,06040503,83
201140703040,07000203,83
201140703040,07000224,83
201140703040,07000260,83
201140703041,TX330082,83
201140703042,0001031A,83
201140703042,02010505,83
201140703044,TX330082,83
201140703045,07000231,83
201140703045,07000244,83
201140703046,0001041A,83
201140703047,07000203,83
201140703047,07000244,83
201140703048,07000214,83
201140703048,07000314,83
201140703050,07000204,83
201140703050,TX330044,83
201140703051,07000204,83
201140703051,07000217,83
201140703052,07000000,83
201140703054,07000301,83
201140703055,02010506,83
201140703055,07000204,83
201140703055,07000205,83
201140703059,02010505,83
201040703003,02020304,84
201040703026,00030157,84
201040703026,00030158,84
201140703001,0001031A,84
201140703001,15060143,84
201140703002,07000255,84
201140703003,07000000,84
201140703004,02010506,84
201140703004,15060143,84
201140703004,15060144,84
201140703004,S1000010,84
201140703004,S1000014,84
201140703004,S1000019,84
201140703004,S1000020,84
201140703005,00030185,84
201140703005,TX330133,84
201140703006,0001021A,84
201140703006,07000301,84
201140703008,0001021A,84
201140703008,07000101,84
201140703008,07000203,84
201140703008,07000224,84
201140703008,07000245,84
201140703008,TX330052,84
201140703009,07000231,84
201140703013,07000201,84
201140703013,15060144,84
201140703014,06040503,84
201140703014,07000244,84
201140703016,07000244,84
201140703016,TX330013,84
201140703016,TX330166,84
201140703017,07000104,84
201140703019,07000218,84
201140703019,07000231,84
201140703019,TX330079,84
201140703022,0001031A,84
201140703023,07000245,84
201140703024,07000244,84
201140703027,07000205,84
201140703028,07000000,84
201140703028,07000105,84
201140703028,07000201,84
201140703028,07000203,84
201140703028,15060143,84
201140703029,0001041A,84
201140703029,07000224,84
201140703029,07000255,84
201140703029,15060141,84
201140703030,07000255,84
200940703053,0001011B,84
201040703065,02020304,84
201140703034,07000255,84
201140703034,TX330045,84
201140703034,TX330087,84
201140703035,0001041A,84
201140703035,07000202,84
201140703035,07000268,84
201140703037,00030143,84
201140703037,07000214,84
201140703038,07000231,84
201140703038,TX330087,84
201140703039,0001013B,84
201140703039,TX330042,84
201140703040,07000205,84
201140703040,07000255,84
201140703040,15060141,84
201140703041,07000231,84
201140703042,15060144,84
201140703043,07000203,84
201140703045,02010501,84
201140703046,07000231,84
201140703046,TX330184,84
201140703047,07000000,84
201140703047,07000255,84
201140703048,TX330053,84
201140703050,07000105,84
201140703050,07000245,84
201140703051,0001021A,84
201140703051,00030182,84
201140703052,07000203,84
201140703052,07000213,84
201140703052,07000244,84
201140703052,07000255,84
201140703053,02010501,84
201140703053,07000314,84
201140703054,TX330086,84
201140703055,07000255,84
201140703055,TX330024,84
201140703056,07000104,84
201140703056,07000255,84
201140703056,TX330091,84
201140703059,07000205,84
201040703003,00030104,85
201040703003,cxsj070001,85
201040703026,TX330171,85
201040703026,cxsj070001,85
201140703001,cxsj070001,85
201140703002,07000000,85
201140703002,cxsj070001,85
201140703003,02010505,85
201140703003,07000269,85
201140703003,cxsj070001,85
201140703003,ky070003,85
201140703004,07000203,85
201140703004,07000224,85
201140703004,cxsj070001,85
201140703005,07000244,85
201140703005,07000269,85
201140703005,TX330080,85
201140703005,cxsj070001,85
201140703005,ky070003,85
201140703006,00030181,85
201140703006,07000213,85
201140703006,07000217,85
201140703006,07000245,85
201140703006,TX330080,85
201140703006,cxsj070001,85
201140703006,ky070003,85
201140703007,00030104,85
201140703007,00030125,85
201140703007,07000269,85
201140703007,cxsj070001,85
201140703008,07000000,85
201140703008,07000242,85
201140703008,07000269,85
201140703008,cxsj070001,85
201140703009,cxsj070001,85
201140703010,00030125,85
201140703010,cxsj070001,85
201140703011,00030104,85
201140703011,cxsj070001,85
201140703012,07000260,85
201140703012,cxsj070001,85
201140703012,ky070003,85
201140703013,07000101,85
201140703013,cxsj070001,85
201140703014,00030108,85
201140703014,cxsj070001,85
201140703014,ky070001,85
201140703014,ky070002,85
201140703014,ky070003,85
201140703015,07000202,85
201140703015,cxsj070001,85
201140703016,00030107,85
201140703016,00030108,85
201140703016,07000000,85
201140703016,cxsj070001,85
201140703016,ky070003,85
201140703017,00030143,85
201140703017,07000201,85
201140703017,07000217,85
201140703017,cxsj070001,85
201140703019,cxsj070001,85
201140703020,02010505,85
201140703020,07000101,85
201140703020,cxsj070001,85
201140703020,ky070003,85
201140703021,07000242,85
201140703021,07000269,85
201140703021,07000301,85
201140703021,cxsj070001,85
201140703021,ky070002,85
201140703021,ky070003,85
201140703022,00030103,85
201140703022,cxsj070001,85
201140703023,0001021A,85
201140703023,00030137,85
201140703023,S1000010,85
201140703023,cxsj070001,85
201140703024,TX330083,85
201140703024,cxsj070001,85
201140703025,cxsj070001,85
201140703026,07000269,85
201140703026,cxsj070001,85
201140703027,00030103,85
201140703027,cxsj070001,85
201140703027,ky070001,85
201140703027,ky070003,85
201140703028,00030185,85
201140703028,07000269,85
201140703028,TX330080,85
201140703028,cxsj070001,85
201140703029,07000204,85
201140703029,07000213,85
201140703029,07000244,85
201140703029,07000261,85
201140703029,07000269,85
201140703029,S1000002,85
201140703029,cxsj070001,85
201140703029,ky070003,85
201140703030,TX330086,85
201140703030,cxsj070001,85
201140703030,ky070003,85
200940703053,00030109,85
201040703065,cxsj070001,85
201140703031,00030103,85
201140703031,02010506,85
201140703031,cxsj070001,85
201140703031,ky070003,85
201140703032,0001031A,85
201140703032,00030119,85
201140703032,cxsj070001,85
201140703033,0001021A,85
201140703033,0001031A,85
201140703033,07000269,85
201140703033,cxsj070001,85
201140703034,02010501,85
201140703034,07000269,85
201140703034,cxsj070001,85
201140703034,ky070003,85
201140703035,00030108,85
201140703035,07000205,85
201140703035,TX330086,85
201140703035,cxsj070001,85
201140703036,cxsj070001,85
201140703036,ky070001,85
201140703036,ky070003,85
201140703037,cxsj070001,85
201140703038,0001021A,85
201140703038,cxsj070001,85
201140703039,15060144,85
201140703039,cxsj070001,85
201140703040,15060142,85
201140703040,cxsj070001,85
201140703040,ky070001,85
201140703040,ky070003,85
201140703041,0001041A,85
201140703041,07000000,85
201140703041,TX330178,85
201140703041,cxsj070001,85
201140703042,cxsj070001,85
201140703042,ky070003,85
201140703043,0001021A,85
201140703043,cxsj070001,85
201140703043,ky070003,85
201140703043,ky070004,85
201140703044,0001021A,85
201140703044,cxsj070001,85
201140703045,0001021A,85
201140703045,07000204,85
201140703045,cxsj070001,85
201140703046,07000000,85
201140703046,cxsj070001,85
201140703046,ky070003,85
201140703047,07000224,85
201140703047,cxsj070001,85
201140703047,ky070003,85
201140703048,02010501,85
201140703049,cxsj070001,85
201140703049,ky070003,85
201140703050,07000000,85
201140703050,07000224,85
201140703050,cxsj070001,85
201140703050,ky070003,85
201140703051,07000000,85
201140703051,07000314,85
201140703051,cxsj070001,85
201140703052,07000224,85
201140703052,cxsj070001,85
201140703052,ky070001,85
201140703052,ky070003,85
201140703053,00030143,85
201140703053,cxsj070001,85
201140703053,ky070003,85
201140703054,07000218,85
201140703054,15060143,85
201140703054,cxsj070001,85
201140703054,ky070001,85
201140703054,ky070003,85
201140703055,07000000,85
201140703055,cxsj070001,85
201140703055,ky070003,85
201140703056,0001013B,85
201140703056,cxsj070001,85
201140703056,ky070003,85
201140703057,00030104,85
201140703057,cxsj070001,85
201140703059,00030182,85
201140703059,15060142,85
201140703059,TX330980,85
201140703059,cxsj070001,85
201140703059,ky070003,85
201140703060,cxsj070001,85
201040703003,02020305,86
201040703003,TX330137,86
201040703026,07000244,86
201140703001,07000205,86
201140703001,07000231,86
201140703002,00030108,86
201140703002,07000244,86
201140703003,0001013B,86
201140703004,02010505,86
201140703004,07000260,86
201140703005,07000214,86
201140703007,07000000,86
201140703007,07000104,86
201140703007,07000244,86
201140703007,TX330237,86
201140703008,07000205,86
201140703010,TX330191,86
201140703011,07000231,86
201140703012,07000245,86
201140703012,07000314,86
201140703013,0001031A,86
201140703013,07000104,86
201140703013,07000202,86
201140703013,07000204,86
201140703013,15060142,86
201140703013,TX330117,86
201140703013,TX330214,86
201140703014,0001031A,86
201140703014,02010506,86
201140703014,07000000,86
201140703014,07000218,86
201140703014,TX330086,86
201140703016,07000218,86
201140703016,07000255,86
201140703017,00030144,86
201140703017,07000261,86
201140703020,07000301,86
201140703021,TX330086,86
201140703022,07000000,86
201140703023,07000204,86
201140703023,07000218,86
201140703023,07000244,86
201140703023,S1000002,86
201140703023,S1000018,86
201140703023,TX330109,86
201140703024,TX330020,86
201140703024,TX330030,86
201140703025,TX330087,86
201140703026,0001021A,86
201140703027,0001021A,86
201140703028,15060141,86
201140703029,0001021A,86
201140703029,07000218,86
201140703029,S1000018,86
201140703029,TX330030,86
201140703030,0001013A,86
201140703030,07000204,86
201140703030,07000214,86
201140703030,07000217,86
201140703030,07000301,86
201040703065,07000000,86
201140703031,0001041A,86
201140703031,07000104,86
201140703031,07000214,86
201140703032,00030120,86
201140703032,07000231,86
201140703033,07000244,86
201140703033,07000255,86
201140703033,TX330005,86
201140703034,02010506,86
201140703034,15060142,86
201140703035,07000231,86
201140703036,07000217,86
201140703036,15060143,86
201140703036,TX330980,86
201140703038,07000204,86
201140703040,07000104,86
201140703040,07000201,86
201140703040,07000231,86
201140703040,15060143,86
201140703041,07000261,86
201140703042,00030143,86
201140703042,15060142,86
201140703042,TX330111,86
201140703043,TX330086,86
201140703045,07000261,86
201140703046,00030102,86
201140703046,07000205,86
201140703046,07000255,86
201140703046,TX330053,86
201140703048,00030137,86
201140703048,07000213,86
201140703048,TX330080,86
201140703051,07000218,86
201140703052,TX330042,86
201140703053,07000217,86
201140703053,07000245,86
201140703053,15060143,86
201140703053,15060144,86
201140703053,TX330111,86
201140703054,06040503,86
201140703054,07000244,86
201140703055,07000218,86
201140703055,15060143,86
201140703057,07000231,86
201140703059,07000244,86
201140703060,TX330022,86
201040703003,07000244,87
201140703001,07000000,87
201140703001,07000218,87
201140703001,07000269,87
201140703002,TX330197,87
201140703003,07000260,87
201140703003,07000301,87
201140703003,07000314,87
201140703004,0001021A,87
201140703004,07000105,87
201140703005,02010506,87
201140703006,07000205,87
201140703006,07000244,87
201140703007,07000224,87
201140703008,07000213,87
201140703008,07000301,87
201140703008,TX330214,87
201140703010,07000244,87
201140703011,00030103,87
201140703011,TX330030,87
201140703012,07000203,87
201140703012,07000224,87
201140703012,07000269,87
201140703012,15060144,87
201140703013,07000242,87
201140703013,07000301,87
201140703014,07000255,87
201140703015,07000000,87
201140703016,07000231,87
201140703019,07000000,87
201140703020,07000204,87
201140703021,06040503,87
201140703021,07000105,87
201140703021,07000260,87
201140703022,07000231,87
201140703023,0001031A,87
201140703025,0001031A,87
201140703027,07000224,87
201140703027,07000231,87
201140703028,07000213,87
201140703028,TX330053,87
201140703029,07000301,87
201140703029,TX330020,87
201140703030,07000101,87
201140703030,TX330104,87
201140703030,TX330181,87
201140703033,00030120,87
201140703033,TX330053,87
201140703034,06040503,87
201140703034,07000204,87
201140703034,07000244,87
201140703036,07000218,87
201140703036,15060142,87
201140703037,00030144,87
201140703039,0001031A,87
201140703040,TX330178,87
201140703042,07000255,87
201140703042,07000260,87
201140703042,15060143,87
201140703043,0001041A,87
201140703043,07000204,87
201140703045,TX330082,87
201140703046,07000101,87
201140703047,07000231,87
201140703049,07000201,87
201140703050,07000214,87
201140703050,07000231,87
201140703052,07000261,87
201140703052,07000269,87
201140703053,07000224,87
201140703054,00030104,87
201140703054,07000260,87
201140703055,15060141,87
201140703055,15060142,87
201140703056,07000218,87
201140703056,TX330042,87
201140703057,07000000,87
201140703059,07000204,87
201140703059,07000224,87
201140703059,TX330004,87
201140703059,TX330983,87
201140703059,TX330984,87
201140703060,00030109,87
201140703001,07000244,88
201140703002,TX330030,88
201140703003,00030143,88
201140703003,07000224,88
201140703003,07000242,88
201140703004,07000202,88
201140703004,07000245,88
201140703005,07000260,88
201140703006,07000203,88
201140703006,07000255,88
201140703006,07000260,88
201140703008,00030176,88
201140703008,00030185,88
201140703008,00030186,88
201140703008,07000261,88
201140703009,0001021A,88
201140703012,07000205,88
201140703012,07000255,88
201140703012,15060141,88
201140703014,0001021A,88
201140703015,07000213,88
201140703015,TX330087,88
201140703015,TX330092,88
201140703017,07000244,88
201140703017,TX330117,88
201140703020,02010506,88
201140703021,07000245,88
201140703021,07000261,88
201140703021,TX330020,88
201140703026,07000244,88
201140703026,TX330087,88
201140703027,07000244,88
201140703028,00030143,88
201140703028,07000204,88
201140703029,07000000,88
201140703030,07000104,88
201140703030,07000224,88
201140703030,07000244,88
201140703030,07000245,88
201140703030,15060142,88
201140703030,15060143,88
201040703065,02020305,88
201140703031,00030138,88
201140703031,02010501,88
201140703031,07000218,88
201140703031,TX330030,88
201140703034,07000205,88
201140703035,TX330030,88
201140703036,TX330020,88
201140703039,15060143,88
201140703039,ky070003,88
201140703040,0001021A,88
201140703040,00030135,88
201140703040,02010502,88
201140703040,07000218,88
201140703040,TX330030,88
201140703041,0001021A,88
201140703042,00030144,88
201140703042,07000269,88
201140703043,00030107,88
201140703043,07000218,88
201140703044,07000244,88
201140703044,TX330004,88
201140703044,TX330029,88
201140703045,TX330030,88
201140703045,TX330178,88
201140703047,07000204,88
201140703047,TX330030,88
201140703048,00030138,88
201140703051,02010501,88
201140703051,TX330004,88
201140703051,TX330026,88
201140703052,TX330030,88
201140703053,15060142,88
201140703053,TX330004,88
201140703053,TX330047,88
201140703054,00030101,88
201140703054,00030102,88
201140703054,07000214,88
201140703054,15060142,88
201140703054,TX330029,88
201140703055,06040503,88
201140703056,07000224,88
201140703056,07000314,88
201140703056,TX330053,88
201140703059,06040503,88
201140703059,07000301,88
201140703060,TX330029,88
201140703003,02010501,89
201140703004,07000000,89
201140703004,07000204,89
201140703004,07000217,89
201140703004,15060142,89
201140703004,S1000018,89
201140703004,TX330069,89
201140703005,07000224,89
201140703006,07000000,89
201140703008,07000105,89
201140703009,07000244,89
201140703012,07000218,89
201140703012,07000301,89
201140703012,TX330053,89
201140703013,07000255,89
201140703014,07000104,89
201140703016,07000202,89
201140703020,0001021A,89
201140703020,07000224,89
201140703021,07000000,89
201140703021,07000224,89
201140703021,07000255,89
201140703025,07000202,89
201140703028,00030144,89
201140703029,07000203,89
201140703029,S1000012,89
201140703030,06040503,89
201140703030,07000000,89
201140703032,TX330104,89
201140703034,02010505,89
201140703034,07000224,89
201140703034,07000301,89
201140703036,02010502,89
201140703036,02010505,89
201140703036,07000314,89
201140703036,TX330983,89
201140703037,07000204,89
201140703037,TX330004,89
201140703037,TX330069,89
201140703037,TX330092,89
201140703042,0001021A,89
201140703042,02010501,89
201140703042,07000000,89
201140703042,07000218,89
201140703042,07000261,89
201140703043,07000202,89
201140703044,TX330037,89
201140703049,07000213,89
201140703049,TX330093,89
201140703050,07000218,89
201140703052,00030108,89
201140703053,07000000,89
201140703054,0001021A,89
201140703054,07000224,89
201140703055,0001021A,89
201140703056,07000105,89
201140703057,TX330004,89
201140703059,07000000,89
201140703059,07000260,89
201040703026,TX010007,90
201140703001,TX330030,90
201140703002,00030107,90
201140703003,02010506,90
201140703003,07000105,90
201140703003,07000245,90
201140703003,07000255,90
201140703003,ky070004,90
201140703004,00030186,90
201140703004,06040503,90
201140703004,07000255,90
201140703004,07000301,90
201140703004,S1000015,90
201140703004,TX330214,90
201140703005,07000203,90
201140703005,07000245,90
201140703006,07000224,90
201140703006,ky070004,90
201140703007,TX330197,90
201140703009,TX330111,90
201140703010,00030108,90
201140703012,0001021A,90
201140703012,0001031A,90
201140703012,00030186,90
201140703012,15060143,90
201140703012,ky070001,90
201140703012,ky070004,90
201140703014,07000204,90
201140703014,07000245,90
201140703016,0001031A,90
201140703016,ky070001,90
201140703017,07000205,90
201140703017,07000213,90
201140703019,TX330226,90
201140703020,07000218,90
201140703020,07000269,90
201140703021,07000203,90
201140703021,ky070001,90
201140703025,00030103,90
201140703027,0001041A,90
201140703027,00030104,90
201140703027,07000000,90
201140703027,TX330994,90
201140703028,0001041A,90
201140703028,00030186,90
201140703028,07000202,90
201140703028,TX330133,90
201140703029,07000245,90
201140703029,TX330083,90
201140703030,0001021A,90
201140703030,ky070001,90
201140703030,ky070004,90
200940703053,07000237,90
201140703031,00030104,90
201140703031,06040503,90
201140703031,07000105,90
201140703031,07000245,90
201140703032,TX330165,90
201140703033,00030109,90
201140703033,TX330025,90
201140703034,0001021A,90
201140703034,0001031A,90
201140703034,07000101,90
201140703034,07000201,90
201140703034,07000213,90
201140703034,07000245,90
201140703034,07000261,90
201140703034,ky070004,90
201140703035,00030107,90
201140703035,07000244,90
201140703035,TX330165,90
201140703035,TX330199,90
201140703036,0001031A,90
201140703036,07000245,90
201140703036,TX330018,90
201140703036,TX330189,90
201140703037,07000000,90
201140703037,07000244,90
201140703037,TX330158,90
201140703039,0001013A,90
201140703039,02010505,90
201140703039,07000218,90
201140703039,07000219,90
201140703039,07000269,90
201140703039,15060142,90
201140703039,TX330080,90
201140703039,ky070001,90
201140703039,ky070004,90
201140703040,00030136,90
201140703040,07000000,90
201140703040,07000245,90
201140703040,07000261,90
201140703040,TX330027,90
201140703041,TX330025,90
201140703041,TX330310,90
201140703042,00030186,90
201140703042,02010502,90
201140703042,07000104,90
201140703042,07000203,90
201140703042,07000204,90
201140703042,07000224,90
201140703042,TX330026,90
201140703042,ky070001,90
201140703042,ky070004,90
201140703043,00030108,90
201140703043,07000000,90
201140703043,07000244,90
201140703043,ky070001,90
201140703045,0001031A,90
201140703045,00030107,90
201140703045,TX330025,90
201140703046,0001031A,90
201140703047,0001031A,90
201140703047,TX330029,90
201140703047,ky070001,90
201140703049,07000255,90
201140703049,TX330165,90
201140703049,ky070001,90
201140703049,ky070004,90
201140703050,07000255,90
201140703050,TX330165,90
201140703050,ky070001,90
201140703050,ky070004,90
201140703051,0001031A,90
201140703051,0001041A,90
201140703051,07000244,90
201140703052,07000231,90
201140703052,ky070004,90
201140703053,0001021A,90
201140703053,0001031A,90
201140703053,00030186,90
201140703053,07000204,90
201140703053,07000218,90
201140703053,TX330026,90
201140703053,TX330080,90
201140703053,ky070001,90
201140703053,ky070004,90
201140703054,0001031A,90
201140703054,00030103,90
201140703054,02010505,90
201140703054,07000000,90
201140703054,07000255,90
201140703055,02010502,90
201140703055,07000314,90
201140703055,15060144,90
201140703055,ky070001,90
201140703056,00030120,90
201140703056,02010505,90
201140703056,07000244,90
201140703056,07000269,90
201140703056,TX330085,90
201140703056,ky070001,90
201140703056,ky070004,90
201140703059,00030181,90
201140703059,ky070001,90
201140703059,ky070004,90
201040703026,TX160010,91
201140703003,07000202,91
201140703004,07000242,91
201140703004,07000244,91
201140703005,0001041A,91
201140703005,07000261,91
201140703006,07000105,91
201140703006,TX330102,91
201140703008,0001041A,91
201140703012,02010502,91
201140703012,02010506,91
201140703012,07000204,91
201140703013,07000105,91
201140703014,0001013A,91
201140703015,07000260,91
201140703017,07000204,91
201140703019,07000255,91
201140703021,0001031A,91
201140703029,07000202,91
201140703029,07000205,91
201140703030,07000213,91
201140703030,07000231,91
201140703031,07000000,91
201140703031,07000244,91
201140703031,07000255,91
201140703031,TX330082,91
201140703034,07000260,91
201140703036,0001021A,91
201140703036,07000213,91
201140703036,07000214,91
201140703036,07000224,91
201140703036,07000255,91
201140703036,07000260,91
201140703036,15060141,91
201140703040,07000214,91
201140703040,07000217,91
201140703042,07000217,91
201140703042,07000301,91
201140703046,07000204,91
201140703046,TX330030,91
201140703047,07000261,91
201140703051,07000231,91
201140703051,TX330078,91
201140703053,07000201,91
201140703053,07000214,91
201140703053,07000260,91
201140703055,07000202,91
201140703055,07000203,91
201140703056,0001021A,91
201140703056,02010501,91
201140703056,07000101,91
201140703056,07000201,91
201140703056,07000213,91
201140703056,07000301,91
201140703059,0001041A,91
201140703059,07000202,91
201140703060,00030107,91
201040703003,TX310011,92
201140703001,0001021A,92
201140703001,02010501,92
201140703002,0001031A,92
201140703003,0001021A,92
201140703003,00030144,92
201140703003,07000104,92
201140703003,07000203,92
201140703003,07000205,92
201140703003,07000231,92
201140703003,07000244,92
201140703004,00030183,92
201140703004,07000231,92
201140703004,TX330018,92
201140703004,TX330047,92
201140703005,07000205,92
201140703005,07000231,92
201140703005,07000255,92
201140703006,07000101,92
201140703006,07000202,92
201140703006,TX330083,92
201140703008,07000231,92
201140703008,07000244,92
201140703008,07000255,92
201140703012,02010501,92
201140703012,07000231,92
201140703013,0001041A,92
201140703014,07000203,92
201140703014,07000213,92
201140703015,07000231,92
201140703016,0001041A,92
201140703023,TX330083,92
201140703027,00030106,92
201140703028,07000244,92
201140703029,07000231,92
201140703029,07000260,92
201140703029,S1000007,92
201140703029,S1000021,92
201140703029,S1000022,92
201140703030,07000202,92
201140703031,07000205,92
201140703031,07000224,92
201140703031,07000261,92
201140703034,07000000,92
201140703036,07000204,92
201140703037,07000231,92
201140703039,02010502,92
201140703039,07000231,92
201140703040,07000204,92
201140703040,07000213,92
201140703042,07000214,92
201140703042,07000231,92
201140703042,07000242,92
201140703042,07000245,92
201140703042,TX330076,92
201140703043,TX330078,92
201140703045,00030109,92
201140703053,02010505,92
201140703053,07000255,92
201140703053,07000269,92
201140703053,07000301,92
201140703054,02010506,92
201140703054,07000104,92
201140703054,07000204,92
201140703054,07000231,92
201140703054,07000245,92
201140703054,07000269,92
201140703055,00030107,92
201140703056,0001031A,92
201140703056,0001041A,92
201140703056,07000205,92
201140703056,07000214,92
201140703059,07000213,92
201140703059,07000231,92
201140703060,00030108,92
201140703060,00030110,92
201140703003,00030182,93
201140703003,02010502,93
201140703003,07000213,93
201140703003,07000217,93
201140703004,00030184,93
201140703004,07000104,93
201140703005,07000213,93
201140703005,07000301,93
201140703006,07000201,93
201140703006,07000231,93
201140703008,07000202,93
201140703008,TX330026,93
201140703011,TX330196,93
201140703012,00030183,93
201140703012,00030184,93
201140703012,02010505,93
201140703012,07000000,93
201140703012,07000105,93
201140703012,07000213,93
201140703012,07000217,93
201140703012,15060142,93
201140703014,07000205,93
201140703020,0001041A,93
201140703020,02010502,93
201140703020,07000213,93
201140703021,0001021A,93
201140703021,0001041A,93
201140703021,07000201,93
201140703021,07000202,93
201140703021,07000204,93
201140703021,07000213,93
201140703026,TX330058,93
201140703029,07000201,93
201140703029,S1000010,93
201140703030,07000105,93
201140703031,07000202,93
201140703031,07000203,93
201140703031,TX330080,93
201140703033,07000231,93
201140703034,0001041A,93
201140703034,07000104,93
201140703034,07000202,93
201140703034,TX330080,93
201140703036,02010501,93
201140703039,0001021A,93
201140703039,07000242,93
201140703039,07000244,93
201140703040,07000244,93
201140703042,07000213,93
201140703042,TX330080,93
201140703046,07000202,93
201140703052,07000204,93
201140703053,02010502,93
201140703053,07000231,93
201140703054,07000213,93
201140703054,07000217,93
201140703055,0001041A,93
201140703055,07000201,93
201140703055,07000217,93
201140703055,07000231,93
201140703056,02010506,93
201140703056,07000202,93
201140703056,07000231,93
201140703001,TX330197,94
201140703003,07000204,94
201140703004,07000218,94
201140703012,07000101,94
201140703012,07000202,94
201140703012,07000261,94
201140703013,00030185,94
201140703013,TX330021,94
201140703014,0001041A,94
201140703014,07000202,94
201140703015,07000255,94
201140703017,TX330021,94
201140703020,TX330136,94
201140703021,TX330078,94
201140703030,0001031A,94
201140703030,0001041A,94
201140703031,0001021A,94
201140703031,07000217,94
201140703031,07000242,94
201140703031,07000314,94
201140703033,00030110,94
201140703034,07000218,94
201140703034,07000231,94
201140703036,0001041A,94
201140703036,07000104,94
201140703036,07000201,94
201140703039,07000213,94
201140703040,TX330025,94
201140703042,02010506,94
201140703042,07000201,94
201140703042,07000244,94
201140703051,07000202,94
201140703052,0001031A,94
201140703053,07000104,94
201140703053,07000105,94
201140703053,07000242,94
201140703053,07000244,94
201140703054,0001041A,94
201140703054,07000201,94
201140703054,07000202,94
201140703056,07000242,94
201140703003,07000101,95
201140703003,ky070001,95
201140703004,07000314,95
201140703005,07000101,95
201140703005,07000204,95
201140703005,ky070001,95
201140703006,ky070001,95
201140703019,TX330081,95
201140703020,07000255,95
201140703020,ky070001,95
201140703025,00030125,95
201140703027,00030105,95
201140703029,ky070001,95
201140703030,07000205,95
201140703031,0001031A,95
201140703031,07000101,95
201140703031,07000204,95
201140703031,07000260,95
201140703031,07000301,95
201140703031,ky070001,95
201140703031,ky070004,95
201140703034,ky070001,95
201140703036,07000231,95
201140703036,07000261,95
201140703039,00030186,95
201140703039,07000101,95
201140703039,07000224,95
201140703039,07000245,95
201140703039,07000255,95
201140703039,07000261,95
201140703042,07000101,95
201140703042,07000105,95
201140703045,00030108,95
201140703045,00030110,95
201140703046,ky070001,95
201140703051,00030181,95
201140703053,0001041A,95
201140703053,07000205,95
201140703053,07000261,95
201140703054,07000105,95
201140703054,07000203,95
201140703054,07000261,95
201140703054,TX330027,95
201140703056,07000203,95
201140703056,07000245,95
201140703003,0001041A,96
201140703003,00030181,96
201140703003,07000261,96
201140703003,TX330078,96
201140703004,0001041A,96
201140703004,02010502,96
201140703004,07000101,96
201140703004,07000201,96
201140703006,07000204,96
201140703008,07000204,96
201140703012,07000201,96
201140703012,07000242,96
201140703014,07000105,96
201140703014,07000201,96
201140703014,TX330173,96
201140703020,07000000,96
201140703020,07000202,96
201140703020,07000231,96
201140703020,07000245,96
201140703020,07000260,96
201140703021,07000205,96
201140703021,07000231,96
201140703023,TX330092,96
201140703029,07000105,96
201140703031,07000231,96
201140703036,06040503,96
201140703036,07000203,96
201140703036,07000205,96
201140703036,07000244,96
201140703036,07000301,96
201140703038,TX330047,96
201140703039,02010501,96
201140703039,06040503,96
201140703039,07000000,96
201140703039,07000105,96
201140703039,07000201,96
201140703039,07000204,96
201140703039,TX330026,96
201140703039,TX330047,96
201140703040,02010501,96
201140703042,0001041A,96
201140703043,07000213,96
201140703047,00030179,96
201140703053,06040503,96
201140703053,07000101,96
201140703053,07000203,96
201140703054,07000205,96
201140703054,TX330026,96
201140703056,07000000,96
201140703056,07000204,96
201140703056,07000260,96
201140703003,07000201,97
201140703005,07000201,97
201140703005,07000202,97
201140703012,06040503,97
201140703012,07000104,97
201140703012,07000244,97
201140703020,02010501,97
201140703020,07000203,97
201140703030,07000201,97
201140703030,07000203,97
201140703039,02010506,97
201140703039,07000104,97
201140703039,07000202,97
201140703039,07000205,97
201140703039,07000260,97
201140703039,07000314,97
201140703042,07000205,97
201140703042,07000314,97
201140703053,02010506,97
201140703053,07000202,97
201140703053,07000213,97
201140703055,02010501,97
201140703055,TX330981,97
201140703056,07000261,97
201140703005,07000104,98
201140703005,07000217,98
201140703012,0001041A,98
201140703017,07000202,98
201140703031,07000201,98
201140703031,TX330093,98
201140703036,07000202,98
201140703039,0001041A,98
201140703039,07000203,98
201140703040,07000202,98
201140703042,06040503,98
201140703042,07000202,98
201140703046,TX330029,98
201140703047,00030180,98
201140703056,02010502,98
201140703003,06040503,99
201140703004,07000213,99
201140703020,06040503,99
201140703020,07000214,99
201140703031,07000213,99
201140703039,07000217,99
201140703039,07000301,99
201140703056,07000217,99
201140703008,TX330133,100
201140703052,TX330083,100
